<?xml version="1.0" encoding="UTF-8"?>
<beans xmlns="http://www.springframework.org/schema/beans"
	xmlns:ctx="http://www.springframework.org/schema/context"
	xmlns:jee="http://www.springframework.org/schema/jee" 
	xmlns:aop="http://www.springframework.org/schema/aop"
	xmlns:p="http://www.springframework.org/schema/p"
	xmlns:xsi="http://www.w3.org/2001/XMLSchema-instance"
	xsi:schemaLocation="http://www.springframework.org/schema/beans 
	http://www.springframework.org/schema/beans/spring-beans-2.5.xsd
	http://www.springframework.org/schema/context
	http://www.springframework.org/schema/context/spring-context-2.5.xsd
	http://www.springframework.org/schema/aop		
    http://www.springframework.org/schema/aop/spring-aop-2.5.xsd">
	
	<ctx:component-scan base-package="com.cognizant.*"></ctx:component-scan>

	
	<bean id="datasource" class="com.cognizant.helper.DataSource">
	<property name="driver" value="${driver}"></property>
	<property name="url" value="${url}"></property>
	<property name="username" value="${username}"></property>
	<property name="password" value="${password}"></property>
	</bean>

<bean id="query" class="com.cognizant.helper.Query">
<property name="selectQuery" value="select * from EMPLOYEESCOGNIZANT"></property>
</bean>
	
	<bean class="org.springframework.web.servlet.view.InternalResourceViewResolver">
		<property name="prefix" value="/WEB-INF/jsp/"/>
		<property name="suffix" value=".jsp"/>
	</bean>
	

<bean id="propertyplaceholder" class="org.springframework.beans.factory.config.PropertyPlaceholderConfigurer">
		<property name="location" value="classpath:dbInfo.properties" />
	</bean>



     	 
<bean id="jdbctemplate" class="org.springframework.jdbc.core.JdbcTemplate">
<constructor-arg index="0" ref="drivermanagerdatasource"></constructor-arg>
</bean>

<bean id="drivermanagerdatasource" 
      class="org.springframework.jdbc.datasource.DriverManagerDataSource">
      <property name="driverClassName" value="${driver}"/>
      <property name="url" value="${url}"/>
      <property name="username" value="${username}"/>
      <property name="password" value="${password}"/>
      </bean>	 		

	
</beans>
